﻿<?xml version="1.0" encoding="utf-8" standalone="no"?>
<manifest identifier="_6iAA6vXfRth_course_id" version="1.3" xmlns="http://www.imsglobal.org/xsd/imscp_v1p1" xmlns:adlcp="http://www.adlnet.org/xsd/adlcp_v1p3" xmlns:adlseq="http://www.adlnet.org/xsd/adlseq_v1p3" xmlns:adlnav="http://www.adlnet.org/xsd/adlnav_v1p3" xmlns:imsss="http://www.imsglobal.org/xsd/imsss" xmlns:xsi="http://www.w3.org/2001/XMLSchema-instance" xsi:schemaLocation="http://www.imsglobal.org/xsd/imscp_v1p1 imscp_v1p1.xsd
                        http://www.adlnet.org/xsd/adlcp_v1p3 adlcp_v1p3.xsd
                        http://www.adlnet.org/xsd/adlseq_v1p3 adlseq_v1p3.xsd
                        http://www.adlnet.org/xsd/adlnav_v1p3 adlnav_v1p3.xsd
                        http://www.imsglobal.org/xsd/imsss imsss_v1p0.xsd">
  <metadata>
    <schema>ADL SCORM</schema>
    <schemaversion>CAM 1.3</schemaversion>
    <adlcp:location>metadata.xml</adlcp:location>
  </metadata>
  <organizations default="Filters1_Hebrew_ORG">
    <organization identifier="Filters1_Hebrew_ORG" adlseq:objectivesGlobalToSystem="false">
      <title>Filters1 Hebrew</title>
      <item identifier="DC_SCO" identifierref="__6iAA6vXfRth_course_id_RES" isvisible="true">
        <title>Filters1 Hebrew</title>
        <imsss:sequencing>
          <imsss:deliveryControls tracked="true" completionSetByContent="true" objectiveSetByContent="true" />
        </imsss:sequencing>
      </item>
      <metadata>
        <adlcp:location>metadata.xml</adlcp:location>
      </metadata>
      <imsss:sequencing>
        <imsss:controlMode choice="true" flow="true" />
        <imsss:deliveryControls tracked="true" completionSetByContent="false" objectiveSetByContent="false" />
      </imsss:sequencing>
    </organization>
  </organizations>
  <resources>
    <resource identifier="__6iAA6vXfRth_course_id_RES" type="webcontent" adlcp:scormType="sco" href="index_lms.html">
      <file href="story_content/thumbnail.jpg" />
      <file href="mobile/5lbIDwA8wHO_80.jpg" />
      <file href="mobile/6Lqievc18tm_P_120_41_272_208.png" />
      <file href="mobile/5d1u5DbjhHj_P_109_36_284_212.png" />
      <file href="mobile/5dCzFZqQmhP_P_116_41_259_200.png" />
      <file href="mobile/5eI7DFVYknT.png" />
      <file href="mobile/6ZnhZdzUD0a.png" />
      <file href="mobile/6qzb9nGfOgW.png" />
      <file href="mobile/5eqSlRdx2bV.png" />
      <file href="mobile/6NiRiJdLiHT_80.jpg" />
      <file href="mobile/6P95LGVQ9DO.png" />
      <file href="mobile/5t3RA1ijfoD.png" />
      <file href="mobile/6e3lpyqJEjf.png" />
      <file href="mobile/5uwE8dQqDO9.png" />
      <file href="mobile/6hw6M40X2rx.png" />
      <file href="mobile/6pym0ExTg0W.png" />
      <file href="mobile/65ig8TKi9yu.png" />
      <file href="mobile/6cfDXaNmWmM.png" />
      <file href="mobile/6kwZunSftJq.png" />
      <file href="mobile/5nPWeIYI3EG_P_0_79_800_139.png" />
      <file href="mobile/6TkOtcjlVdm_P_0_54_800_184.png" />
      <file href="mobile/6FgfKNWkLNz_P_0_44_800_179.png" />
      <file href="mobile/6WTVee673Lb_P_778_226_482_228.png" />
      <file href="mobile/69tbS30Nf0W_P_145_100_507_110.png" />
      <file href="meta.xml" />
      <file href="story_content/user.js" />
      <file href="html5/data/css/output.min.css" />
      <file href="html5/data/js/5fSROuln0bC.js" />
      <file href="html5/data/js/5gpLBFrPfu8.js" />
      <file href="html5/data/js/5rDr2DQgrOW.js" />
      <file href="html5/data/js/5v7ifhqq5TH.js" />
      <file href="html5/data/js/635PKBNBsCy.js" />
      <file href="html5/data/js/64MreDZui81.js" />
      <file href="html5/data/js/66W6pUDq9YB.js" />
      <file href="html5/data/js/6b7lq9EWNdl.js" />
      <file href="html5/data/js/6E5gtTuRsBO.js" />
      <file href="html5/data/js/6mBRnVd7RxX.js" />
      <file href="html5/data/js/6MmlNMf8uAC.js" />
      <file href="html5/data/js/6or3QwyOKJH.js" />
      <file href="html5/data/js/6rXBLOKdU7y.js" />
      <file href="html5/data/js/data.js" />
      <file href="html5/data/js/frame.js" />
      <file href="html5/data/js/paths.js" />
      <file href="html5/lib/scripts/bootstrapper.min.js" />
      <file href="html5/lib/scripts/frame.desktop.min.js" />
      <file href="html5/lib/scripts/frame.mobile.min.js" />
      <file href="html5/lib/scripts/slides.min.js" />
      <file href="html5/lib/stylesheets/desktop.min.css" />
      <file href="html5/lib/stylesheets/mobile.min.css" />
      <file href="html5/lib/stylesheets/mobile-fonts/open-sans-bold.woff" />
      <file href="html5/lib/stylesheets/mobile-fonts/open-sans-light.woff" />
      <file href="html5/lib/stylesheets/mobile-fonts/open-sans-regular.woff" />
      <file href="analytics-frame.html" />
      <file href="story.html" />
      <file href="index_lms.html" />
      <file href="lms/AICCComm.html" />
      <file href="lms/blank.html" />
      <file href="lms/browsersniff.js" />
      <file href="lms/goodbye.html" />
      <file href="lms/scormdriver.js" />
    </resource>
  </resources>
</manifest>