﻿<?xml version="1.0" encoding="utf-8" standalone="no"?>
<manifest identifier="_5fcH1RDuGPT_course_id" version="1.3" xmlns="http://www.imsglobal.org/xsd/imscp_v1p1" xmlns:adlcp="http://www.adlnet.org/xsd/adlcp_v1p3" xmlns:adlseq="http://www.adlnet.org/xsd/adlseq_v1p3" xmlns:adlnav="http://www.adlnet.org/xsd/adlnav_v1p3" xmlns:imsss="http://www.imsglobal.org/xsd/imsss" xmlns:xsi="http://www.w3.org/2001/XMLSchema-instance" xsi:schemaLocation="http://www.imsglobal.org/xsd/imscp_v1p1 imscp_v1p1.xsd
                        http://www.adlnet.org/xsd/adlcp_v1p3 adlcp_v1p3.xsd
                        http://www.adlnet.org/xsd/adlseq_v1p3 adlseq_v1p3.xsd
                        http://www.adlnet.org/xsd/adlnav_v1p3 adlnav_v1p3.xsd
                        http://www.imsglobal.org/xsd/imsss imsss_v1p0.xsd">
  <metadata>
    <schema>ADL SCORM</schema>
    <schemaversion>CAM 1.3</schemaversion>
    <adlcp:location>metadata.xml</adlcp:location>
  </metadata>
  <organizations default="disch3_RCL_ORG">
    <organization identifier="disch3_RCL_ORG" adlseq:objectivesGlobalToSystem="false">
      <title>disch3 RCL</title>
      <item identifier="DC_SCO" identifierref="__5fcH1RDuGPT_course_id_RES" isvisible="true">
        <title>disch3 RCL</title>
        <imsss:sequencing>
          <imsss:deliveryControls tracked="true" completionSetByContent="true" objectiveSetByContent="true" />
        </imsss:sequencing>
      </item>
      <metadata>
        <adlcp:location>metadata.xml</adlcp:location>
      </metadata>
      <imsss:sequencing>
        <imsss:controlMode choice="true" flow="true" />
        <imsss:deliveryControls tracked="true" completionSetByContent="false" objectiveSetByContent="false" />
      </imsss:sequencing>
    </organization>
  </organizations>
  <resources>
    <resource identifier="__5fcH1RDuGPT_course_id_RES" type="webcontent" adlcp:scormType="sco" href="index_lms.html">
      <file href="story_content/thumbnail.jpg" />
      <file href="mobile/5ccJ2VvWjHy.png" />
      <file href="mobile/5X2h87NLI6c.png" />
      <file href="mobile/6gSe6BDTaDv.png" />
      <file href="mobile/6Jo4rwXhzOv.png" />
      <file href="mobile/6kzjUkqA3uw.png" />
      <file href="mobile/6Sr8zYHXC0o.png" />
      <file href="mobile/6kGqWJykm4o.png" />
      <file href="mobile/60quXOwYITF.png" />
      <file href="mobile/5qd5TZJ4a7x.png" />
      <file href="mobile/6nkXBFk96MR.png" />
      <file href="mobile/6XICEoiGuoW.png" />
      <file href="mobile/5VNFa9lRnqk.png" />
      <file href="mobile/5ZAuker2eDE.png" />
      <file href="mobile/60WyUMuJ8n9.png" />
      <file href="mobile/6gpohyYYM23.png" />
      <file href="mobile/6gVuKj3r7cZ.png" />
      <file href="meta.xml" />
      <file href="story_content/user.js" />
      <file href="html5/data/css/output.min.css" />
      <file href="html5/data/js/5gkTdqyDOof.js" />
      <file href="html5/data/js/5jXOOeFElgW.js" />
      <file href="html5/data/js/5k5mSHSMaYg.js" />
      <file href="html5/data/js/61hvmzlkSPF.js" />
      <file href="html5/data/js/65mTh0h9O0P.js" />
      <file href="html5/data/js/6mBRnVd7RxX.js" />
      <file href="html5/data/js/6USA3OZOQHI.js" />
      <file href="html5/data/js/data.js" />
      <file href="html5/data/js/frame.js" />
      <file href="html5/data/js/paths.js" />
      <file href="html5/lib/scripts/bootstrapper.min.js" />
      <file href="html5/lib/scripts/frame.desktop.min.js" />
      <file href="html5/lib/scripts/frame.mobile.min.js" />
      <file href="html5/lib/scripts/slides.min.js" />
      <file href="html5/lib/stylesheets/desktop.min.css" />
      <file href="html5/lib/stylesheets/mobile.min.css" />
      <file href="html5/lib/stylesheets/mobile-fonts/open-sans-bold.woff" />
      <file href="html5/lib/stylesheets/mobile-fonts/open-sans-light.woff" />
      <file href="html5/lib/stylesheets/mobile-fonts/open-sans-regular.woff" />
      <file href="analytics-frame.html" />
      <file href="story.html" />
      <file href="index_lms.html" />
      <file href="lms/AICCComm.html" />
      <file href="lms/blank.html" />
      <file href="lms/browsersniff.js" />
      <file href="lms/goodbye.html" />
      <file href="lms/scormdriver.js" />
    </resource>
  </resources>
</manifest>