﻿<?xml version="1.0" encoding="utf-8"?><meta xmlns:xsi="http://www.w3.org/2001/XMLSchema-instance" xmlns:xsd="http://www.w3.org/2001/XMLSchema"><project id="5qhiQsVssIP" courseid="5fcH1RDuGPT_course_id" thumburl="story_content/thumbnail.jpg" title="disch3 RCL" datepublished="2022-06-12T05:09:49" version="1.0.0.0" flashdata="story_content/data.swf" html5data="mobile/data.json" mobiledata="mobile/data.gz" enabledownload="false" duration="About 35 seconds" totalaudio="0" totalvideo="0"><description>הכרת ציוד מעבדה</description><keywords /><slidemeta moniker="slide" monikerplural="slides" viewslides="7" slidecountdescription="7 slides" /><author name="Gil" email="" website="" /><application name="Articulate Storyline" version="3.64.27845.0" xmlversion="4.0" /></project></meta>