﻿<?xml version="1.0" encoding="utf-8" standalone="no"?>
<manifest identifier="_5fcH1RDuGPT_course_id" version="1.3" xmlns="http://www.imsglobal.org/xsd/imscp_v1p1" xmlns:adlcp="http://www.adlnet.org/xsd/adlcp_v1p3" xmlns:adlseq="http://www.adlnet.org/xsd/adlseq_v1p3" xmlns:adlnav="http://www.adlnet.org/xsd/adlnav_v1p3" xmlns:imsss="http://www.imsglobal.org/xsd/imsss" xmlns:xsi="http://www.w3.org/2001/XMLSchema-instance" xsi:schemaLocation="http://www.imsglobal.org/xsd/imscp_v1p1 imscp_v1p1.xsd
                        http://www.adlnet.org/xsd/adlcp_v1p3 adlcp_v1p3.xsd
                        http://www.adlnet.org/xsd/adlseq_v1p3 adlseq_v1p3.xsd
                        http://www.adlnet.org/xsd/adlnav_v1p3 adlnav_v1p3.xsd
                        http://www.imsglobal.org/xsd/imsss imsss_v1p0.xsd">
  <metadata>
    <schema>ADL SCORM</schema>
    <schemaversion>CAM 1.3</schemaversion>
    <adlcp:location>metadata.xml</adlcp:location>
  </metadata>
  <organizations default="DC2_VoltDiv_ORG">
    <organization identifier="DC2_VoltDiv_ORG" adlseq:objectivesGlobalToSystem="false">
      <title>DC2 VoltDiv</title>
      <item identifier="DC_SCO" identifierref="__5fcH1RDuGPT_course_id_RES" isvisible="true">
        <title>DC2 VoltDiv</title>
        <imsss:sequencing>
          <imsss:deliveryControls tracked="true" completionSetByContent="true" objectiveSetByContent="true" />
        </imsss:sequencing>
      </item>
      <metadata>
        <adlcp:location>metadata.xml</adlcp:location>
      </metadata>
      <imsss:sequencing>
        <imsss:controlMode choice="true" flow="true" />
        <imsss:deliveryControls tracked="true" completionSetByContent="false" objectiveSetByContent="false" />
      </imsss:sequencing>
    </organization>
  </organizations>
  <resources>
    <resource identifier="__5fcH1RDuGPT_course_id_RES" type="webcontent" adlcp:scormType="sco" href="index_lms.html">
      <file href="story_content/thumbnail.jpg" />
      <file href="mobile/5WMSASckzRF.png" />
      <file href="mobile/6Pp6pOtke0Z.png" />
      <file href="mobile/5pEVcCDoLwo.png" />
      <file href="mobile/5lQ7frj8OHb.png" />
      <file href="mobile/6MaYbfDNaEu.png" />
      <file href="mobile/6egHVyYj5M4.png" />
      <file href="mobile/6e6E6qQEbmw.png" />
      <file href="mobile/6pKvQPOiogD.png" />
      <file href="mobile/6aj850wLOSI.png" />
      <file href="mobile/62L2YEppx9M.png" />
      <file href="mobile/6c0FTENpb7B.png" />
      <file href="mobile/5cuhTIqxqSK.png" />
      <file href="mobile/6R56FrVFGqd.png" />
      <file href="meta.xml" />
      <file href="story_content/user.js" />
      <file href="html5/data/css/output.min.css" />
      <file href="html5/data/js/5h7Dgmg5jna.js" />
      <file href="html5/data/js/5oCB4UYOr0w.js" />
      <file href="html5/data/js/5pULBGTtppr.js" />
      <file href="html5/data/js/5sDZMTKLiwb.js" />
      <file href="html5/data/js/61EKRjcNGXe.js" />
      <file href="html5/data/js/6D5DzYj2AVR.js" />
      <file href="html5/data/js/6i4HIdtUTRl.js" />
      <file href="html5/data/js/6JGdqtW26lG.js" />
      <file href="html5/data/js/6lIQUKDd2h7.js" />
      <file href="html5/data/js/6mBRnVd7RxX.js" />
      <file href="html5/data/js/data.js" />
      <file href="html5/data/js/frame.js" />
      <file href="html5/data/js/paths.js" />
      <file href="html5/lib/scripts/bootstrapper.min.js" />
      <file href="html5/lib/scripts/frame.desktop.min.js" />
      <file href="html5/lib/scripts/frame.mobile.min.js" />
      <file href="html5/lib/scripts/slides.min.js" />
      <file href="html5/lib/stylesheets/desktop.min.css" />
      <file href="html5/lib/stylesheets/mobile.min.css" />
      <file href="html5/lib/stylesheets/mobile-fonts/open-sans-bold.woff" />
      <file href="html5/lib/stylesheets/mobile-fonts/open-sans-light.woff" />
      <file href="html5/lib/stylesheets/mobile-fonts/open-sans-regular.woff" />
      <file href="analytics-frame.html" />
      <file href="story.html" />
      <file href="index_lms.html" />
      <file href="lms/AICCComm.html" />
      <file href="lms/blank.html" />
      <file href="lms/browsersniff.js" />
      <file href="lms/goodbye.html" />
      <file href="lms/scormdriver.js" />
    </resource>
  </resources>
</manifest>