﻿<?xml version="1.0" encoding="utf-8" standalone="no"?>
<manifest identifier="_5fcH1RDuGPT_course_id" version="1.3" xmlns="http://www.imsglobal.org/xsd/imscp_v1p1" xmlns:adlcp="http://www.adlnet.org/xsd/adlcp_v1p3" xmlns:adlseq="http://www.adlnet.org/xsd/adlseq_v1p3" xmlns:adlnav="http://www.adlnet.org/xsd/adlnav_v1p3" xmlns:imsss="http://www.imsglobal.org/xsd/imsss" xmlns:xsi="http://www.w3.org/2001/XMLSchema-instance" xsi:schemaLocation="http://www.imsglobal.org/xsd/imscp_v1p1 imscp_v1p1.xsd
                        http://www.adlnet.org/xsd/adlcp_v1p3 adlcp_v1p3.xsd
                        http://www.adlnet.org/xsd/adlseq_v1p3 adlseq_v1p3.xsd
                        http://www.adlnet.org/xsd/adlnav_v1p3 adlnav_v1p3.xsd
                        http://www.imsglobal.org/xsd/imsss imsss_v1p0.xsd">
  <metadata>
    <schema>ADL SCORM</schema>
    <schemaversion>CAM 1.3</schemaversion>
    <adlcp:location>metadata.xml</adlcp:location>
  </metadata>
  <organizations default="DC3_Hebrew_ORG">
    <organization identifier="DC3_Hebrew_ORG" adlseq:objectivesGlobalToSystem="false">
      <title>DC3 Hebrew</title>
      <item identifier="DC_SCO" identifierref="__5fcH1RDuGPT_course_id_RES" isvisible="true">
        <title>DC3 Hebrew</title>
        <imsss:sequencing>
          <imsss:deliveryControls tracked="true" completionSetByContent="true" objectiveSetByContent="true" />
        </imsss:sequencing>
      </item>
      <metadata>
        <adlcp:location>metadata.xml</adlcp:location>
      </metadata>
      <imsss:sequencing>
        <imsss:controlMode choice="true" flow="true" />
        <imsss:deliveryControls tracked="true" completionSetByContent="false" objectiveSetByContent="false" />
      </imsss:sequencing>
    </organization>
  </organizations>
  <resources>
    <resource identifier="__5fcH1RDuGPT_course_id_RES" type="webcontent" adlcp:scormType="sco" href="index_lms.html">
      <file href="story_content/thumbnail.jpg" />
      <file href="mobile/5ZvcWg9qNSv.png" />
      <file href="mobile/6FDWw7L22v6.png" />
      <file href="mobile/6M1xynTkBsE.png" />
      <file href="mobile/5XtlKDng4PB.png" />
      <file href="mobile/5wr5wbjZBD5.png" />
      <file href="mobile/6MUnn29bwxl.png" />
      <file href="mobile/6XCRXBqukBV.png" />
      <file href="mobile/5faKvbjTwG3.png" />
      <file href="mobile/6E5Kyfhl4cU.png" />
      <file href="mobile/6kHfup1Zelx.png" />
      <file href="mobile/5wwx7BZXZuo.png" />
      <file href="mobile/65u7avTOI1q.png" />
      <file href="mobile/5diZvjb3IFQ.png" />
      <file href="mobile/6m3jn0J6iBL.png" />
      <file href="mobile/6d62r7jgdKj.png" />
      <file href="meta.xml" />
      <file href="story_content/user.js" />
      <file href="html5/data/css/output.min.css" />
      <file href="html5/data/js/5h7Dgmg5jna.js" />
      <file href="html5/data/js/5pIbsZfY5vZ.js" />
      <file href="html5/data/js/5sDZMTKLiwb.js" />
      <file href="html5/data/js/61EKRjcNGXe.js" />
      <file href="html5/data/js/61hvmzlkSPF.js" />
      <file href="html5/data/js/63mUAFf0Nh0.js" />
      <file href="html5/data/js/6mBRnVd7RxX.js" />
      <file href="html5/data/js/data.js" />
      <file href="html5/data/js/frame.js" />
      <file href="html5/data/js/paths.js" />
      <file href="html5/lib/scripts/bootstrapper.min.js" />
      <file href="html5/lib/scripts/frame.desktop.min.js" />
      <file href="html5/lib/scripts/frame.mobile.min.js" />
      <file href="html5/lib/scripts/slides.min.js" />
      <file href="html5/lib/stylesheets/desktop.min.css" />
      <file href="html5/lib/stylesheets/mobile.min.css" />
      <file href="html5/lib/stylesheets/mobile-fonts/open-sans-bold.woff" />
      <file href="html5/lib/stylesheets/mobile-fonts/open-sans-light.woff" />
      <file href="html5/lib/stylesheets/mobile-fonts/open-sans-regular.woff" />
      <file href="analytics-frame.html" />
      <file href="story.html" />
      <file href="index_lms.html" />
      <file href="lms/AICCComm.html" />
      <file href="lms/blank.html" />
      <file href="lms/browsersniff.js" />
      <file href="lms/goodbye.html" />
      <file href="lms/scormdriver.js" />
    </resource>
  </resources>
</manifest>