﻿<?xml version="1.0" encoding="utf-8" standalone="no"?>
<manifest identifier="_5fcH1RDuGPT_course_id" version="1.3" xmlns="http://www.imsglobal.org/xsd/imscp_v1p1" xmlns:adlcp="http://www.adlnet.org/xsd/adlcp_v1p3" xmlns:adlseq="http://www.adlnet.org/xsd/adlseq_v1p3" xmlns:adlnav="http://www.adlnet.org/xsd/adlnav_v1p3" xmlns:imsss="http://www.imsglobal.org/xsd/imsss" xmlns:xsi="http://www.w3.org/2001/XMLSchema-instance" xsi:schemaLocation="http://www.imsglobal.org/xsd/imscp_v1p1 imscp_v1p1.xsd
                        http://www.adlnet.org/xsd/adlcp_v1p3 adlcp_v1p3.xsd
                        http://www.adlnet.org/xsd/adlseq_v1p3 adlseq_v1p3.xsd
                        http://www.adlnet.org/xsd/adlnav_v1p3 adlnav_v1p3.xsd
                        http://www.imsglobal.org/xsd/imsss imsss_v1p0.xsd">
  <metadata>
    <schema>ADL SCORM</schema>
    <schemaversion>CAM 1.3</schemaversion>
    <adlcp:location>metadata.xml</adlcp:location>
  </metadata>
  <organizations default="DC1_Hebrew_ORG">
    <organization identifier="DC1_Hebrew_ORG" adlseq:objectivesGlobalToSystem="false">
      <title>DC1 Hebrew</title>
      <item identifier="DC_SCO" identifierref="__5fcH1RDuGPT_course_id_RES" isvisible="true">
        <title>DC1 Hebrew</title>
        <imsss:sequencing>
          <imsss:deliveryControls tracked="true" completionSetByContent="true" objectiveSetByContent="true" />
        </imsss:sequencing>
      </item>
      <metadata>
        <adlcp:location>metadata.xml</adlcp:location>
      </metadata>
      <imsss:sequencing>
        <imsss:controlMode choice="true" flow="true" />
        <imsss:deliveryControls tracked="true" completionSetByContent="false" objectiveSetByContent="false" />
      </imsss:sequencing>
    </organization>
  </organizations>
  <resources>
    <resource identifier="__5fcH1RDuGPT_course_id_RES" type="webcontent" adlcp:scormType="sco" href="index_lms.html">
      <file href="story_content/thumbnail.jpg" />
      <file href="mobile/5uj7bSBNnkA.png" />
      <file href="mobile/6frGlok9yog.png" />
      <file href="mobile/5knbwQKnidD.png" />
      <file href="mobile/6OgUbUZlM4q.png" />
      <file href="mobile/5zc3lTwvsFg.png" />
      <file href="mobile/6Jo4rwXhzOv.png" />
      <file href="mobile/5nUzhj7YhsR_80.jpg" />
      <file href="mobile/5nyQbWDYcYy_80.jpg" />
      <file href="mobile/5rnb8RmIIhZ.png" />
      <file href="mobile/5X2h87NLI6c.png" />
      <file href="mobile/6k9opQSHJVN.png" />
      <file href="mobile/6L9VFVUeKp2.png" />
      <file href="mobile/6FvX7jXS8eZ.png" />
      <file href="mobile/5hxHaYudc1b.png" />
      <file href="mobile/6fmaLUr0zjh.png" />
      <file href="mobile/5qDqpJAZIs2.png" />
      <file href="mobile/6K4nOk1sFsR.png" />
      <file href="mobile/6NOby26SLef.png" />
      <file href="mobile/6HNcA7Ccy1r.png" />
      <file href="mobile/6k9opQSHJVN_P_0_162_817_570.png" />
      <file href="mobile/6IEOGlC10D7.png" />
      <file href="mobile/5uh3JPoNfzI.png" />
      <file href="mobile/5oYJkvdFFxM.png" />
      <file href="mobile/5idZWOmclDW.png" />
      <file href="mobile/6eWZdezUGFT.png" />
      <file href="mobile/5xy8lw7Vn1q.png" />
      <file href="meta.xml" />
      <file href="story_content/user.js" />
      <file href="mobile/txt__default_5p9uQdRZg6k.png" />
      <file href="mobile/txt__default_6ZfYoUOkBO8.png" />
      <file href="mobile/txt__default_6CG0R3Nmzal.png" />
      <file href="mobile/txt__default_6KHe3jAiE37.png" />
      <file href="html5/data/css/output.min.css" />
      <file href="html5/data/js/5h7Dgmg5jna.js" />
      <file href="html5/data/js/5oCB4UYOr0w.js" />
      <file href="html5/data/js/5sDZMTKLiwb.js" />
      <file href="html5/data/js/5udVXzaIofv.js" />
      <file href="html5/data/js/61hvmzlkSPF.js" />
      <file href="html5/data/js/648jTStFeuU.js" />
      <file href="html5/data/js/6CwMoCJ6Ikv.js" />
      <file href="html5/data/js/6D5DzYj2AVR.js" />
      <file href="html5/data/js/6FDrOWpKjyB.js" />
      <file href="html5/data/js/6JGdqtW26lG.js" />
      <file href="html5/data/js/6k77tVBNd5k.js" />
      <file href="html5/data/js/6mBRnVd7RxX.js" />
      <file href="html5/data/js/6o85fSkkjuo.js" />
      <file href="html5/data/js/6rGSRXDFzQF.js" />
      <file href="html5/data/js/data.js" />
      <file href="html5/data/js/frame.js" />
      <file href="html5/data/js/paths.js" />
      <file href="html5/lib/scripts/bootstrapper.min.js" />
      <file href="html5/lib/scripts/frame.desktop.min.js" />
      <file href="html5/lib/scripts/frame.mobile.min.js" />
      <file href="html5/lib/scripts/slides.min.js" />
      <file href="html5/lib/stylesheets/desktop.min.css" />
      <file href="html5/lib/stylesheets/mobile.min.css" />
      <file href="html5/lib/stylesheets/mobile-fonts/open-sans-bold.woff" />
      <file href="html5/lib/stylesheets/mobile-fonts/open-sans-light.woff" />
      <file href="html5/lib/stylesheets/mobile-fonts/open-sans-regular.woff" />
      <file href="analytics-frame.html" />
      <file href="story.html" />
      <file href="index_lms.html" />
      <file href="lms/AICCComm.html" />
      <file href="lms/blank.html" />
      <file href="lms/browsersniff.js" />
      <file href="lms/goodbye.html" />
      <file href="lms/scormdriver.js" />
    </resource>
  </resources>
</manifest>